{
  "Total" : {
    "transaction" : "Total",
    "sampleCount" : 50000,
    "errorCount" : 0,
    "errorPct" : 0.0,
    "meanResTime" : 3.763619999999996,
    "medianResTime" : 4.0,
    "minResTime" : 2.0,
    "maxResTime" : 113.0,
    "pct1ResTime" : 5.0,
    "pct2ResTime" : 5.0,
    "pct3ResTime" : 7.0,
    "throughput" : 261.9487942497001,
    "receivedKBytesPerSec" : 29.16226810982989,
    "sentKBytesPerSec" : 97.69067170874438
  },
  "HTTP Request" : {
    "transaction" : "HTTP Request",
    "sampleCount" : 50000,
    "errorCount" : 0,
    "errorPct" : 0.0,
    "meanResTime" : 3.763619999999996,
    "medianResTime" : 4.0,
    "minResTime" : 2.0,
    "maxResTime" : 113.0,
    "pct1ResTime" : 5.0,
    "pct2ResTime" : 5.0,
    "pct3ResTime" : 7.0,
    "throughput" : 261.9487942497001,
    "receivedKBytesPerSec" : 29.16226810982989,
    "sentKBytesPerSec" : 97.69067170874438
  }
}