{
  "Total" : {
    "transaction" : "Total",
    "sampleCount" : 50000,
    "errorCount" : 0,
    "errorPct" : 0.0,
    "meanResTime" : 7.9122799999999565,
    "medianResTime" : 8.0,
    "minResTime" : 4.0,
    "maxResTime" : 377.0,
    "pct1ResTime" : 10.0,
    "pct2ResTime" : 12.0,
    "pct3ResTime" : 16.0,
    "throughput" : 124.9853142255785,
    "receivedKBytesPerSec" : 41.13286220119136,
    "sentKBytesPerSec" : 38.20351889902936
  },
  "HTTP Request" : {
    "transaction" : "HTTP Request",
    "sampleCount" : 50000,
    "errorCount" : 0,
    "errorPct" : 0.0,
    "meanResTime" : 7.9122799999999565,
    "medianResTime" : 8.0,
    "minResTime" : 4.0,
    "maxResTime" : 377.0,
    "pct1ResTime" : 10.0,
    "pct2ResTime" : 12.0,
    "pct3ResTime" : 16.0,
    "throughput" : 124.9853142255785,
    "receivedKBytesPerSec" : 41.13286220119136,
    "sentKBytesPerSec" : 38.20351889902936
  }
}